{"cameraMode":{"drawMode":0,"name":"Shaded","section":"Shading Mode"},"sceneLighting":true,"audioPlay":false,"sceneViewState":{"m_AlwaysRefresh":false,"showFog":true,"showSkybox":true,"showFlares":true,"showImageEffects":true,"showParticleSystems":true,"showVisualEffectGraphs":true,"m_FxEnabled":true},"in2DMode":false,"pivot":{"x":1.8736730813980103,"y":-1.045652151107788,"z":1.4233555793762208},"rotation":{"x":-0.0058236210606992249,"y":-0.9913978576660156,"z":0.12195441871881485,"w":-0.047328706830739978},"size":5.687781810760498,"orthographic":true}