{"cameraMode":{"drawMode":0,"name":"Shaded","section":"Shading Mode"},"sceneLighting":true,"audioPlay":false,"sceneViewState":{"m_AlwaysRefresh":false,"showFog":true,"showSkybox":true,"showFlares":true,"showImageEffects":true,"showParticleSystems":true,"showVisualEffectGraphs":true,"m_FxEnabled":true},"in2DMode":false,"pivot":{"x":364.3177795410156,"y":0.5574901103973389,"z":67.46260833740235},"rotation":{"x":0.32318899035453799,"y":-0.04003363475203514,"z":0.013666202314198017,"w":0.9454044103622437},"size":188.34149169921876,"orthographic":true}