{"cameraMode":{"drawMode":0,"name":"Shaded","section":"Shading Mode"},"sceneLighting":true,"audioPlay":false,"sceneViewState":{"m_AlwaysRefresh":false,"showFog":true,"showSkybox":true,"showFlares":true,"showImageEffects":true,"showParticleSystems":true,"showVisualEffectGraphs":true,"m_FxEnabled":true},"in2DMode":false,"pivot":{"x":313.7869567871094,"y":42.2305908203125,"z":10.46528434753418},"rotation":{"x":0.06376106292009354,"y":-0.054178349673748019,"z":0.0034586568363010885,"w":0.9965014457702637},"size":250.20204162597657,"orthographic":true}