{"cameraMode":{"drawMode":0,"name":"Shaded","section":"Shading Mode"},"sceneLighting":true,"audioPlay":false,"sceneViewState":{"m_AlwaysRefresh":false,"showFog":true,"showSkybox":true,"showFlares":true,"showImageEffects":true,"showParticleSystems":true,"showVisualEffectGraphs":true,"m_FxEnabled":true},"in2DMode":false,"pivot":{"x":11.419381141662598,"y":-38.86067581176758,"z":155.33346557617188},"rotation":{"x":0.11305590718984604,"y":0.041718002408742908,"z":-0.004751127678900957,"w":0.9927017688751221},"size":49.603599548339847,"orthographic":false}